Estrategia,K,Quartil,Retorno_Anual_Bruto,Vol_Anual_Bruto,Sharpe_Bruto,Sortino_Bruto,MDD_Bruto,Retorno_Anual_Liquido,Vol_Anual_Liquido,Sharpe_Liquido,Sortino_Liquido,MDD_Liquido,Tempo_Total_Seg
naive,20,0.25,0.22126387151172366,0.14137742671040485,0.6386909581852658,0.6175016336274713,-0.1361630563043927,0.22126387151172366,0.14137742671040485,0.6386909581852658,0.6175016336274713,-0.1361630563043927,59.03991508483887
gmv,20,0.25,0.18831379792440273,0.0897238137540924,0.6349292692335622,0.6554309197141511,-0.07843346514789183,0.18831379792440273,0.0897238137540924,0.6349292692335622,0.6554309197141511,-0.07843346514789183,9265.980322122574
rp_nonconvex,20,0.25,0.1907174683756261,0.0880198190994134,0.6683310185081409,0.7012067852837259,-0.06965041257020156,0.1907174683756261,0.0880198190994134,0.6683310185081409,0.7012067852837259,-0.06965041257020156,122836.24948215485
rp_convex,20,0.25,0.18206814425249718,0.07950574748591517,0.6392732177674875,0.6625466665683825,-0.08740186721750381,0.18206814425249718,0.07950574748591517,0.6392732177674875,0.6625466665683825,-0.08740186721750381,19363.35783791542
